<OfferPackage Name="book_15_stock0" PackageType="Full" PurgeAndReplace="False" xmlns="clr-namespace:Cdiscount.Service.OfferIntegration.Pivot;assembly=Cdiscount.Service.OfferIntegration" xmlns:x="http://schemas.microsoft.com/winfx/2006/xaml">
  <OfferPackage.Offers>
    <OfferCollection Capacity="1">
        <Offer ProductEan="9782359104035" SellerProductId="book_15_sku_3" ProductCondition="1" EcoPart="0" Vat="0" DeaTax="0" Price="45" Stock="0" PreparationTime="5">
        <Offer.ShippingInformationList>
            <ShippingInformationList Capacity="3">
            <ShippingInformation AdditionalShippingCharges="1" DeliveryMode="Standard" ShippingCharges="2" />
            <ShippingInformation AdditionalShippingCharges="0" DeliveryMode="Registered" ShippingCharges="3" />
            <ShippingInformation AdditionalShippingCharges="0" DeliveryMode="Tracked" ShippingCharges="4" />
          </ShippingInformationList>
        </Offer.ShippingInformationList>
      </Offer>
        <Offer ProductEan="9782359104035" SellerProductId="book_15_sku_4" ProductCondition="2" EcoPart="0" Vat="0" DeaTax="0" Price="45" Stock="0" PreparationTime="5">
        <Offer.ShippingInformationList>
            <ShippingInformationList Capacity="3">
            <ShippingInformation AdditionalShippingCharges="1" DeliveryMode="Standard" ShippingCharges="2" />
            <ShippingInformation AdditionalShippingCharges="0" DeliveryMode="Registered" ShippingCharges="3" />
            <ShippingInformation AdditionalShippingCharges="0" DeliveryMode="Tracked" ShippingCharges="4" />
          </ShippingInformationList>
        </Offer.ShippingInformationList>
      </Offer>
    </OfferCollection>
    </OfferPackage.Offers>
</OfferPackage>