<OfferPackage Name="book_package_1" PackageType="Full" PurgeAndReplace="False" xmlns="clr-namespace:Cdiscount.Service.OfferIntegration.Pivot;assembly=Cdiscount.Service.OfferIntegration" xmlns:x="http://schemas.microsoft.com/winfx/2006/xaml">
  <OfferPackage.Offers>
    <OfferCollection Capacity="2">
        <Offer ProductEan="2846261067" SellerProductId="book_package_1_sku_1" ProductCondition="6" EcoPart="0" Vat="0" DeaTax="0" Price="100" Stock="1" PreparationTime="5">
        <Offer.ShippingInformationList>
            <ShippingInformationList Capacity="3">
            <ShippingInformation AdditionalShippingCharges="1" DeliveryMode="Standard" ShippingCharges="2" />
            <ShippingInformation AdditionalShippingCharges="0" DeliveryMode="Registered" ShippingCharges="3" />
            <ShippingInformation AdditionalShippingCharges="0" DeliveryMode="Tracked" ShippingCharges="4" />
          </ShippingInformationList>
        </Offer.ShippingInformationList>
      </Offer>
        <Offer ProductEan="9782811215729 " SellerProductId="book_package_1_sku_2" ProductCondition="6" EcoPart="0" Vat="0" DeaTax="0" Price="100" Stock="1" PreparationTime="5">
        <Offer.ShippingInformationList>
            <ShippingInformationList Capacity="3">
            <ShippingInformation AdditionalShippingCharges="1" DeliveryMode="Standard" ShippingCharges="2" />
            <ShippingInformation AdditionalShippingCharges="0" DeliveryMode="Registered" ShippingCharges="3" />
            <ShippingInformation AdditionalShippingCharges="0" DeliveryMode="Tracked" ShippingCharges="4" />
          </ShippingInformationList>
        </Offer.ShippingInformationList>
      </Offer>
    </OfferCollection>
    </OfferPackage.Offers>
</OfferPackage>