<OfferPackage Name="computer_2" PackageType="StockAndPrice" PurgeAndReplace="False" xmlns="clr-namespace:Cdiscount.Service.OfferIntegration.Pivot;assembly=Cdiscount.Service.OfferIntegration" xmlns:x="http://schemas.microsoft.com/winfx/2006/xaml">
  <OfferPackage.Offers>
    <OfferCollection Capacity="1">
        <Offer ProductEan="8801643628093" SellerProductId="computer_2_sku_1" ProductCondition="1" EcoPart="0" Vat="0" DeaTax="0" Price="988" Stock="1" PreparationTime="5">
        <Offer.ShippingInformationList>
            <ShippingInformationList Capacity="3">
            <ShippingInformation AdditionalShippingCharges="1" DeliveryMode="Standard" ShippingCharges="2" />
            <ShippingInformation AdditionalShippingCharges="0" DeliveryMode="Registered" ShippingCharges="3" />
            <ShippingInformation AdditionalShippingCharges="0" DeliveryMode="Tracked" ShippingCharges="4" />
          </ShippingInformationList>
        </Offer.ShippingInformationList>
      </Offer>
    </OfferCollection>
    </OfferPackage.Offers>
</OfferPackage>