<OfferPackage Name="Nom fichier offres" PackageType="Full" PurgeAndReplace="False" xmlns="clr-namespace:Cdiscount.Service.OfferIntegration.Pivot;assembly=Cdiscount.Service.OfferIntegration" xmlns:x="http://schemas.microsoft.com/winfx/2006/xaml">
  <OfferPackage.Offers>
    <OfferCollection Capacity="1">
        <Offer ProductEan="2207500101" SellerProductId="BOOK_TEST_2" ProductCondition="6" EcoPart="0" Vat="0" DeaTax="0" Price="200" Stock="1" PreparationTime="5">
        <Offer.ShippingInformationList>
            <ShippingInformationList Capacity="1">
            <ShippingInformation AdditionalShippingCharges="1" DeliveryMode="Standard" ShippingCharges="2" />
          </ShippingInformationList>
        </Offer.ShippingInformationList>
      </Offer>
    </OfferCollection>
    </OfferPackage.Offers>
</OfferPackage>